<?xml version="1.0" encoding="utf-8" ?>
<dwsync>
<file name="button_learn_more.gif" server="tf.dtbaker.com.au/httpdocs/template/curvy_clean/" local="129134552110000000" remote="129138974400000000" />
<file name="box_yellow_bg.jpg" server="tf.dtbaker.com.au/httpdocs/template/curvy_clean/" local="129134551300000000" remote="129138974400000000" />
<file name="type_1.jpg" server="tf.dtbaker.com.au/httpdocs/template/curvy_clean/" local="129134551290000000" remote="129138974400000000" />
<file name="type_2.jpg" server="tf.dtbaker.com.au/httpdocs/template/curvy_clean/" local="129134551300000000" remote="129138974400000000" />
<file name="header_bg.jpg" server="tf.dtbaker.com.au/httpdocs/template/curvy_clean/" local="129138888640000000" remote="129138974400000000" />
<file name="type_3.jpg" server="tf.dtbaker.com.au/httpdocs/template/curvy_clean/" local="129134551300000000" remote="129138974400000000" />
<file name="type_4.jpg" server="tf.dtbaker.com.au/httpdocs/template/curvy_clean/" local="129134551300000000" remote="129138974400000000" />
<file name="thumb_road.jpg" server="tf.dtbaker.com.au/httpdocs/template/curvy_clean/" local="129134551300000000" remote="129138974400000000" />
<file name="page_bg.jpg" server="tf.dtbaker.com.au/httpdocs/template/curvy_clean/" local="129138887240000000" remote="129138974400000000" />
<file name="box_pink_bg.jpg" server="tf.dtbaker.com.au/httpdocs/template/curvy_clean/" local="129134551300000000" remote="129138974400000000" />
<file name="title_holiday.gif" server="tf.dtbaker.com.au/httpdocs/template/curvy_clean/" local="129134551620000000" remote="129138974400000000" />
<file name="thumb_surfers.jpg" server="tf.dtbaker.com.au/httpdocs/template/curvy_clean/" local="129134551300000000" remote="129138974400000000" />
<file name="box_blue_bg.jpg" server="tf.dtbaker.com.au/httpdocs/template/curvy_clean/" local="129138886780000000" remote="129138974400000000" />
<file name="thumb_europe.jpg" server="tf.dtbaker.com.au/httpdocs/template/curvy_clean/" local="129134551300000000" remote="129138974400000000" />
<file name="banner1.png" server="tf.dtbaker.com.au/httpdocs/template/curvy_clean/" local="129134462100000000" remote="129138975000000000" />
<file name="box_green_bg.jpg" server="tf.dtbaker.com.au/httpdocs/template/curvy_clean/" local="129134551300000000" remote="129138975000000000" />
<file name="logo.png" server="tf.dtbaker.com.au/httpdocs/template/curvy_clean/" local="129134460410000000" remote="129138975000000000" />
<file name="button_submit.gif" server="tf.dtbaker.com.au/httpdocs/template/curvy_clean/" local="129134551620000000" remote="129138975000000000" />
<file name="content_bg.gif" server="tf.dtbaker.com.au/httpdocs/template/curvy_clean/" local="129134459690000000" remote="129138975000000000" />
<file name="thumb_nz.jpg" server="tf.dtbaker.com.au/httpdocs/template/curvy_clean/" local="129134551300000000" remote="129138975000000000" />
<file name="banner2.png" server="tf.dtbaker.com.au/httpdocs/template/curvy_clean/" local="129138900470000000" remote="129138975000000000" />
<file name="about_photos.jpg" server="tf.dtbaker.com.au/httpdocs/template/curvy_clean/" local="129138949170000000" remote="129138974400000000" />
<file name="button_book.gif" server="tf.dtbaker.com.au/httpdocs/template/curvy_clean/" local="129138949170000000" remote="129138974400000000" />
<file name="icon_arrow.gif" server="tf.dtbaker.com.au/httpdocs/template/curvy_clean/" local="129138949170000000" remote="129138975000000000" />
<file name="button_submit2.gif" server="tf.dtbaker.com.au/httpdocs/template/curvy_clean/" local="129138971390000000" remote="129138974400000000" />
<file name="clear.gif" server="tf.dtbaker.com.au/httpdocs/template/curvy_clean/" local="128598575680000000" remote="129138984600000000" />
</dwsync>