<?xml version="1.0" encoding="utf-8" ?>
<dwsync>
<file name="blog.html" server="chimpdesigns.com/public_html/chimp/templates/" local="129409366200000000" remote="129409366200000000" />
<file name="blog_post.html" server="chimpdesigns.com/public_html/chimp/templates/" local="129409366200000000" remote="129409366200000000" />
<file name="contact.html" server="chimpdesigns.com/public_html/chimp/templates/" local="129409366200000000" remote="129409366200000000" />
<file name="detail.html" server="chimpdesigns.com/public_html/chimp/templates/" local="129409366200000000" remote="129409366200000000" />
<file name="index.html" server="chimpdesigns.com/public_html/chimp/templates/" local="129409366200000000" remote="129409366200000000" />
<file name="listing.html" server="chimpdesigns.com/public_html/chimp/templates/" local="129409366200000000" remote="129409366200000000" />
<file name="news.html" server="chimpdesigns.com/public_html/chimp/templates/" local="129409366200000000" remote="129409366200000000" />
<file name="static.html" server="chimpdesigns.com/public_html/chimp/templates/" local="129409366200000000" remote="129409366200000000" />
</dwsync>