<?xml version="1.0" encoding="utf-8" ?>
<dwsync>
<file name="Myriad_Pro_400-Myriad_Pro_700-Myriad_Pro_italic_400-Myriad_Pro_italic_700.font.js" server="chimpdesigns.com/public_html/chimp/templates/" local="129409352400000000" remote="129409352400000000" />
<file name="banner.js" server="chimpdesigns.com/public_html/chimp/templates/" local="129409352400000000" remote="129409352400000000" />
<file name="contentslider.js" server="chimpdesigns.com/public_html/chimp/templates/" local="129409352400000000" remote="129409352400000000" />
<file name="cufon-yui.js" server="chimpdesigns.com/public_html/chimp/templates/" local="129409352400000000" remote="129409352400000000" />
<file name="cufon.js" server="chimpdesigns.com/public_html/chimp/templates/" local="129409352400000000" remote="129409352400000000" />
<file name="ddsmoothmenu.js" server="chimpdesigns.com/public_html/chimp/templates/" local="129409352400000000" remote="129409352400000000" />
<file name="jquery.1.4.2.js" server="chimpdesigns.com/public_html/chimp/templates/" local="129409352400000000" remote="129409352400000000" />
<file name="jquery.idTabs.min.js" server="chimpdesigns.com/public_html/chimp/templates/" local="129409352400000000" remote="129409352400000000" />
<file name="jquery.lint.js" server="chimpdesigns.com/public_html/chimp/templates/" local="129409352400000000" remote="129409352400000000" />
<file name="jquery.min.js" server="chimpdesigns.com/public_html/chimp/templates/" local="129409352400000000" remote="129409352400000000" />
<file name="jquery.scroll.js" server="chimpdesigns.com/public_html/chimp/templates/" local="129409352400000000" remote="129409352400000000" />
<file name="menu.js" server="chimpdesigns.com/public_html/chimp/templates/" local="129409352400000000" remote="129409352400000000" />
<file name="scroll.js" server="chimpdesigns.com/public_html/chimp/templates/" local="129409352400000000" remote="129409352400000000" />
<file name="switch.js" server="chimpdesigns.com/public_html/chimp/templates/" local="129409352400000000" remote="129409352400000000" />
<file name="tabs.js" server="chimpdesigns.com/public_html/chimp/templates/" local="129409352400000000" remote="129409352400000000" />
</dwsync>