<?xml version="1.0" encoding="utf-8" ?>
<dwsync>
<file name="about_icon.png" server="chimpdesigns.com/public_html/chimp/templates/" local="129409348800000000" remote="129409348800000000" />
<file name="add.gif" server="chimpdesigns.com/public_html/chimp/templates/" local="129409348800000000" remote="129409348800000000" />
<file name="address.gif" server="chimpdesigns.com/public_html/chimp/templates/" local="129409348800000000" remote="129409348800000000" />
<file name="addto_down.gif" server="chimpdesigns.com/public_html/chimp/templates/" local="129409348800000000" remote="129409348800000000" />
<file name="adv1.gif" server="chimpdesigns.com/public_html/chimp/templates/" local="129409348800000000" remote="129409348800000000" />
<file name="allvideo.png" server="chimpdesigns.com/public_html/chimp/templates/" local="129409348800000000" remote="129409348800000000" />
<file name="apple_banner.gif" server="chimpdesigns.com/public_html/chimp/templates/" local="129409348800000000" remote="129409348800000000" />
<file name="arrow_categories.gif" server="chimpdesigns.com/public_html/chimp/templates/" local="129409348800000000" remote="129409348800000000" />
<file name="attachvideo.gif" server="chimpdesigns.com/public_html/chimp/templates/" local="129409348800000000" remote="129409348800000000" />
<file name="bg.gif" server="chimpdesigns.com/public_html/chimp/templates/" local="129409348800000000" remote="129409348800000000" />
<file name="bg2.jpg" server="chimpdesigns.com/public_html/chimp/templates/" local="129409349400000000" remote="129409349400000000" />
<file name="bigbg1.jpg" server="chimpdesigns.com/public_html/chimp/templates/" local="129409349400000000" remote="129409349400000000" />
<file name="blog1.gif" server="chimpdesigns.com/public_html/chimp/templates/" local="129409349400000000" remote="129409349400000000" />
<file name="blog2.gif" server="chimpdesigns.com/public_html/chimp/templates/" local="129409349400000000" remote="129409349400000000" />
<file name="blog3.gif" server="chimpdesigns.com/public_html/chimp/templates/" local="129409349400000000" remote="129409349400000000" />
<file name="blog4.gif" server="chimpdesigns.com/public_html/chimp/templates/" local="129409349400000000" remote="129409349400000000" />
<file name="blog5.gif" server="chimpdesigns.com/public_html/chimp/templates/" local="129409349400000000" remote="129409349400000000" />
<file name="blog6.gif" server="chimpdesigns.com/public_html/chimp/templates/" local="129409349400000000" remote="129409349400000000" />
<file name="blog7.gif" server="chimpdesigns.com/public_html/chimp/templates/" local="129409349400000000" remote="129409349400000000" />
<file name="blog8.gif" server="chimpdesigns.com/public_html/chimp/templates/" local="129409349400000000" remote="129409349400000000" />
<file name="browse.gif" server="chimpdesigns.com/public_html/chimp/templates/" local="129409349400000000" remote="129409349400000000" />
<file name="bullet_foot.gif" server="chimpdesigns.com/public_html/chimp/templates/" local="129409349400000000" remote="129409349400000000" />
<file name="buttonone.gif" server="chimpdesigns.com/public_html/chimp/templates/" local="129409349400000000" remote="129409349400000000" />
<file name="buttontwo.gif" server="chimpdesigns.com/public_html/chimp/templates/" local="129409349400000000" remote="129409349400000000" />
<file name="calender1.gif" server="chimpdesigns.com/public_html/chimp/templates/" local="129409349400000000" remote="129409349400000000" />
<file name="calendr.gif" server="chimpdesigns.com/public_html/chimp/templates/" local="129409349400000000" remote="129409349400000000" />
<file name="categories.gif" server="chimpdesigns.com/public_html/chimp/templates/" local="129409349400000000" remote="129409349400000000" />
<file name="chain.gif" server="chimpdesigns.com/public_html/chimp/templates/" local="129409349400000000" remote="129409349400000000" />
<file name="channel_bg.gif" server="chimpdesigns.com/public_html/chimp/templates/" local="129409349400000000" remote="129409349400000000" />
<file name="channel_icon1.gif" server="chimpdesigns.com/public_html/chimp/templates/" local="129409349400000000" remote="129409349400000000" />
<file name="channel_icon10.gif" server="chimpdesigns.com/public_html/chimp/templates/" local="129409349400000000" remote="129409349400000000" />
<file name="channel_icon11.gif" server="chimpdesigns.com/public_html/chimp/templates/" local="129409349400000000" remote="129409349400000000" />
<file name="channel_icon12.gif" server="chimpdesigns.com/public_html/chimp/templates/" local="129409349400000000" remote="129409349400000000" />
<file name="channel_icon2.gif" server="chimpdesigns.com/public_html/chimp/templates/" local="129409350000000000" remote="129409350000000000" />
<file name="channel_icon3.gif" server="chimpdesigns.com/public_html/chimp/templates/" local="129409350000000000" remote="129409350000000000" />
<file name="channel_icon4.gif" server="chimpdesigns.com/public_html/chimp/templates/" local="129409350000000000" remote="129409350000000000" />
<file name="channel_icon5.gif" server="chimpdesigns.com/public_html/chimp/templates/" local="129409350000000000" remote="129409350000000000" />
<file name="channel_icon6.gif" server="chimpdesigns.com/public_html/chimp/templates/" local="129409350000000000" remote="129409350000000000" />
<file name="channel_icon7.gif" server="chimpdesigns.com/public_html/chimp/templates/" local="129409350000000000" remote="129409350000000000" />
<file name="channel_icon8.gif" server="chimpdesigns.com/public_html/chimp/templates/" local="129409350000000000" remote="129409350000000000" />
<file name="channel_icon9.gif" server="chimpdesigns.com/public_html/chimp/templates/" local="129409350000000000" remote="129409350000000000" />
<file name="chrome.gif" server="chimpdesigns.com/public_html/chimp/templates/" local="129409350000000000" remote="129409350000000000" />
<file name="colrd_bullets.gif" server="chimpdesigns.com/public_html/chimp/templates/" local="129409350000000000" remote="129409350000000000" />
<file name="comments1.gif" server="chimpdesigns.com/public_html/chimp/templates/" local="129409350000000000" remote="129409350000000000" />
<file name="comments2.gif" server="chimpdesigns.com/public_html/chimp/templates/" local="129409350000000000" remote="129409350000000000" />
<file name="comments3.gif" server="chimpdesigns.com/public_html/chimp/templates/" local="129409350000000000" remote="129409350000000000" />
<file name="comments4.gif" server="chimpdesigns.com/public_html/chimp/templates/" local="129409350000000000" remote="129409350000000000" />
<file name="comments5.gif" server="chimpdesigns.com/public_html/chimp/templates/" local="129409350000000000" remote="129409350000000000" />
<file name="comments6.gif" server="chimpdesigns.com/public_html/chimp/templates/" local="129409350000000000" remote="129409350000000000" />
<file name="comments7.gif" server="chimpdesigns.com/public_html/chimp/templates/" local="129409350000000000" remote="129409350000000000" />
<file name="cus_serv.gif" server="chimpdesigns.com/public_html/chimp/templates/" local="129409350000000000" remote="129409350000000000" />
<file name="del.png" server="chimpdesigns.com/public_html/chimp/templates/" local="129409350000000000" remote="129409350000000000" />
<file name="dislike.png" server="chimpdesigns.com/public_html/chimp/templates/" local="129409350000000000" remote="129409350000000000" />
<file name="down.gif" server="chimpdesigns.com/public_html/chimp/templates/" local="129409350000000000" remote="129409350000000000" />
<file name="embed.gif" server="chimpdesigns.com/public_html/chimp/templates/" local="129409350000000000" remote="129409350000000000" />
<file name="facebook.png" server="chimpdesigns.com/public_html/chimp/templates/" local="129409350000000000" remote="129409350000000000" />
<file name="facebook1.gif" server="chimpdesigns.com/public_html/chimp/templates/" local="129409350000000000" remote="129409350000000000" />
<file name="facebook_icon.gif" server="chimpdesigns.com/public_html/chimp/templates/" local="129409350000000000" remote="129409350000000000" />
<file name="featured_playlist.gif" server="chimpdesigns.com/public_html/chimp/templates/" local="129409350000000000" remote="129409350000000000" />
<file name="feautred.png" server="chimpdesigns.com/public_html/chimp/templates/" local="129409350000000000" remote="129409350000000000" />
<file name="flag1.gif" server="chimpdesigns.com/public_html/chimp/templates/" local="129409350000000000" remote="129409350000000000" />
<file name="flikr.gif" server="chimpdesigns.com/public_html/chimp/templates/" local="129409350000000000" remote="129409350000000000" />
<file name="footer.gif" server="chimpdesigns.com/public_html/chimp/templates/" local="129409350000000000" remote="129409350000000000" />
<file name="footer_shadow.gif" server="chimpdesigns.com/public_html/chimp/templates/" local="129409350600000000" remote="129409350600000000" />
<file name="go.gif" server="chimpdesigns.com/public_html/chimp/templates/" local="129409350000000000" remote="129409350000000000" />
<file name="header_small.gif" server="chimpdesigns.com/public_html/chimp/templates/" local="129409350600000000" remote="129409350600000000" />
<file name="icon1.gif" server="chimpdesigns.com/public_html/chimp/templates/" local="129409350600000000" remote="129409350600000000" />
<file name="icon2.gif" server="chimpdesigns.com/public_html/chimp/templates/" local="129409350600000000" remote="129409350600000000" />
<file name="icon3.gif" server="chimpdesigns.com/public_html/chimp/templates/" local="129409350600000000" remote="129409350600000000" />
<file name="icon4.gif" server="chimpdesigns.com/public_html/chimp/templates/" local="129409350600000000" remote="129409350600000000" />
<file name="icon5.gif" server="chimpdesigns.com/public_html/chimp/templates/" local="129409350600000000" remote="129409350600000000" />
<file name="icon6.gif" server="chimpdesigns.com/public_html/chimp/templates/" local="129409350600000000" remote="129409350600000000" />
<file name="info.png" server="chimpdesigns.com/public_html/chimp/templates/" local="129409350600000000" remote="129409350600000000" />
<file name="inputbar.gif" server="chimpdesigns.com/public_html/chimp/templates/" local="129409350600000000" remote="129409350600000000" />
<file name="left_arrow.gif" server="chimpdesigns.com/public_html/chimp/templates/" local="129409350600000000" remote="129409350600000000" />
<file name="left_page.png" server="chimpdesigns.com/public_html/chimp/templates/" local="129409350600000000" remote="129409350600000000" />
<file name="like.png" server="chimpdesigns.com/public_html/chimp/templates/" local="129409350600000000" remote="129409350600000000" />
<file name="likedislike.gif" server="chimpdesigns.com/public_html/chimp/templates/" local="129409350600000000" remote="129409350600000000" />
<file name="linkdin.png" server="chimpdesigns.com/public_html/chimp/templates/" local="129409350600000000" remote="129409350600000000" />
<file name="list_grid.gif" server="chimpdesigns.com/public_html/chimp/templates/" local="129409350600000000" remote="129409350600000000" />
<file name="logo.png" server="chimpdesigns.com/public_html/chimp/templates/" local="129409350600000000" remote="129409350600000000" />
<file name="logo1.png" server="chimpdesigns.com/public_html/chimp/templates/" local="129409350600000000" remote="129409350600000000" />
<file name="man.png" server="chimpdesigns.com/public_html/chimp/templates/" local="129409350600000000" remote="129409350600000000" />
<file name="map.gif" server="chimpdesigns.com/public_html/chimp/templates/" local="129409350600000000" remote="129409350600000000" />
<file name="navi_sep.gif" server="chimpdesigns.com/public_html/chimp/templates/" local="129409350600000000" remote="129409350600000000" />
<file name="network.png" server="chimpdesigns.com/public_html/chimp/templates/" local="129409350600000000" remote="129409350600000000" />
<file name="news_bg.gif" server="chimpdesigns.com/public_html/chimp/templates/" local="129409350600000000" remote="129409350600000000" />
<file name="news_calndr.gif" server="chimpdesigns.com/public_html/chimp/templates/" local="129409350600000000" remote="129409350600000000" />
<file name="news_sep.gif" server="chimpdesigns.com/public_html/chimp/templates/" local="129409350600000000" remote="129409350600000000" />
<file name="officehours.gif" server="chimpdesigns.com/public_html/chimp/templates/" local="129409351200000000" remote="129409351200000000" />
<file name="paging_select.gif" server="chimpdesigns.com/public_html/chimp/templates/" local="129409351200000000" remote="129409351200000000" />
<file name="paging_shadow.png" server="chimpdesigns.com/public_html/chimp/templates/" local="129409351200000000" remote="129409351200000000" />
<file name="playicon.gif" server="chimpdesigns.com/public_html/chimp/templates/" local="129409351200000000" remote="129409351200000000" />
<file name="plus.gif" server="chimpdesigns.com/public_html/chimp/templates/" local="129409351200000000" remote="129409351200000000" />
<file name="post.gif" server="chimpdesigns.com/public_html/chimp/templates/" local="129409351200000000" remote="129409351200000000" />
<file name="rating.gif" server="chimpdesigns.com/public_html/chimp/templates/" local="129409351200000000" remote="129409351200000000" />
<file name="recent_sep.gif" server="chimpdesigns.com/public_html/chimp/templates/" local="129409351200000000" remote="129409351200000000" />
<file name="recentvideo.gif" server="chimpdesigns.com/public_html/chimp/templates/" local="129409351200000000" remote="129409351200000000" />
<file name="recomended.gif" server="chimpdesigns.com/public_html/chimp/templates/" local="129409351200000000" remote="129409351200000000" />
<file name="reply.gif" server="chimpdesigns.com/public_html/chimp/templates/" local="129409351200000000" remote="129409351200000000" />
<file name="right_arrow.gif" server="chimpdesigns.com/public_html/chimp/templates/" local="129409351200000000" remote="129409351200000000" />
<file name="right_page.png" server="chimpdesigns.com/public_html/chimp/templates/" local="129409351200000000" remote="129409351200000000" />
<file name="rss.png" server="chimpdesigns.com/public_html/chimp/templates/" local="129409351200000000" remote="129409351200000000" />
<file name="rules.png" server="chimpdesigns.com/public_html/chimp/templates/" local="129409351200000000" remote="129409351200000000" />
<file name="scrolarrows.png" server="chimpdesigns.com/public_html/chimp/templates/" local="129409351200000000" remote="129409351200000000" />
<file name="search_bg.gif" server="chimpdesigns.com/public_html/chimp/templates/" local="129409351200000000" remote="129409351200000000" />
<file name="search_bg1.gif" server="chimpdesigns.com/public_html/chimp/templates/" local="129409351200000000" remote="129409351200000000" />
<file name="search_bg_big.gif" server="chimpdesigns.com/public_html/chimp/templates/" local="129409351200000000" remote="129409351200000000" />
<file name="sep.gif" server="chimpdesigns.com/public_html/chimp/templates/" local="129409351200000000" remote="129409351200000000" />
<file name="sep1.gif" server="chimpdesigns.com/public_html/chimp/templates/" local="129409351200000000" remote="129409351200000000" />
<file name="sep2.gif" server="chimpdesigns.com/public_html/chimp/templates/" local="129409351200000000" remote="129409351200000000" />
<file name="sep3.gif" server="chimpdesigns.com/public_html/chimp/templates/" local="129409351200000000" remote="129409351200000000" />
<file name="share.gif" server="chimpdesigns.com/public_html/chimp/templates/" local="129409351200000000" remote="129409351200000000" />
<file name="slider_hover.gif" server="chimpdesigns.com/public_html/chimp/templates/" local="129409351200000000" remote="129409351200000000" />
<file name="static1.gif" server="chimpdesigns.com/public_html/chimp/templates/" local="129409351800000000" remote="129409351800000000" />
<file name="subscribe.gif" server="chimpdesigns.com/public_html/chimp/templates/" local="129409351800000000" remote="129409351800000000" />
<file name="tab.gif" server="chimpdesigns.com/public_html/chimp/templates/" local="129409351800000000" remote="129409351800000000" />
<file name="tab_rol.gif" server="chimpdesigns.com/public_html/chimp/templates/" local="129409351800000000" remote="129409351800000000" />
<file name="tabs_bg.gif" server="chimpdesigns.com/public_html/chimp/templates/" local="129409351800000000" remote="129409351800000000" />
<file name="time.png" server="chimpdesigns.com/public_html/chimp/templates/" local="129409351800000000" remote="129409351800000000" />
<file name="time1.gif" server="chimpdesigns.com/public_html/chimp/templates/" local="129409351800000000" remote="129409351800000000" />
<file name="time1.png" server="chimpdesigns.com/public_html/chimp/templates/" local="129409351800000000" remote="129409351800000000" />
<file name="top.gif" server="chimpdesigns.com/public_html/chimp/templates/" local="129409351800000000" remote="129409351800000000" />
<file name="top_searches.gif" server="chimpdesigns.com/public_html/chimp/templates/" local="129409351800000000" remote="129409351800000000" />
<file name="twitter.png" server="chimpdesigns.com/public_html/chimp/templates/" local="129409351800000000" remote="129409351800000000" />
<file name="twitter1.gif" server="chimpdesigns.com/public_html/chimp/templates/" local="129409351800000000" remote="129409351800000000" />
<file name="upload.gif" server="chimpdesigns.com/public_html/chimp/templates/" local="129409351800000000" remote="129409351800000000" />
<file name="video.gif" server="chimpdesigns.com/public_html/chimp/templates/" local="129409351800000000" remote="129409351800000000" />
<file name="video1.gif" server="chimpdesigns.com/public_html/chimp/templates/" local="129409351800000000" remote="129409351800000000" />
<file name="video10.gif" server="chimpdesigns.com/public_html/chimp/templates/" local="129409351800000000" remote="129409351800000000" />
<file name="video11.gif" server="chimpdesigns.com/public_html/chimp/templates/" local="129409351800000000" remote="129409351800000000" />
<file name="video12.gif" server="chimpdesigns.com/public_html/chimp/templates/" local="129409351800000000" remote="129409351800000000" />
<file name="video2.gif" server="chimpdesigns.com/public_html/chimp/templates/" local="129409351800000000" remote="129409351800000000" />
<file name="video3.gif" server="chimpdesigns.com/public_html/chimp/templates/" local="129409351800000000" remote="129409351800000000" />
<file name="video4.gif" server="chimpdesigns.com/public_html/chimp/templates/" local="129409351800000000" remote="129409351800000000" />
<file name="video5.gif" server="chimpdesigns.com/public_html/chimp/templates/" local="129409351800000000" remote="129409351800000000" />
<file name="video6.gif" server="chimpdesigns.com/public_html/chimp/templates/" local="129409351800000000" remote="129409351800000000" />
<file name="video7.gif" server="chimpdesigns.com/public_html/chimp/templates/" local="129409351800000000" remote="129409351800000000" />
<file name="video8.gif" server="chimpdesigns.com/public_html/chimp/templates/" local="129409351800000000" remote="129409351800000000" />
<file name="video9.gif" server="chimpdesigns.com/public_html/chimp/templates/" local="129409351800000000" remote="129409351800000000" />
<file name="video_bg.gif" server="chimpdesigns.com/public_html/chimp/templates/" local="129409351800000000" remote="129409351800000000" />
<file name="video_big.jpg" server="chimpdesigns.com/public_html/chimp/templates/" local="129409352400000000" remote="129409352400000000" />
<file name="video_small1.gif" server="chimpdesigns.com/public_html/chimp/templates/" local="129409351800000000" remote="129409351800000000" />
<file name="video_small2.gif" server="chimpdesigns.com/public_html/chimp/templates/" local="129409352400000000" remote="129409352400000000" />
<file name="video_small3.gif" server="chimpdesigns.com/public_html/chimp/templates/" local="129409352400000000" remote="129409352400000000" />
<file name="video_small4.gif" server="chimpdesigns.com/public_html/chimp/templates/" local="129409352400000000" remote="129409352400000000" />
<file name="video_small5.gif" server="chimpdesigns.com/public_html/chimp/templates/" local="129409352400000000" remote="129409352400000000" />
<file name="video_small6.gif" server="chimpdesigns.com/public_html/chimp/templates/" local="129409352400000000" remote="129409352400000000" />
<file name="videoby.gif" server="chimpdesigns.com/public_html/chimp/templates/" local="129409351800000000" remote="129409351800000000" />
<file name="views.gif" server="chimpdesigns.com/public_html/chimp/templates/" local="129409352400000000" remote="129409352400000000" />
<file name="views2.gif" server="chimpdesigns.com/public_html/chimp/templates/" local="129409352400000000" remote="129409352400000000" />
<file name="watch.gif" server="chimpdesigns.com/public_html/chimp/templates/" local="129409352400000000" remote="129409352400000000" />
<file name="yellow_star.png" server="chimpdesigns.com/public_html/chimp/templates/" local="129409352400000000" remote="129409352400000000" />
<file name="youarehere.gif" server="chimpdesigns.com/public_html/chimp/templates/" local="129409352400000000" remote="129409352400000000" />
<file name="yourhere.gif" server="chimpdesigns.com/public_html/chimp/templates/" local="129409352400000000" remote="129409352400000000" />
<file name="youtube.png" server="chimpdesigns.com/public_html/chimp/templates/" local="129409352400000000" remote="129409352400000000" />
</dwsync>